Address;RegName;Clk;Rst;Port;Signal;BitPos;Default;SW(R/W);HW(W);MCU(W);MISC;
0x0000;MACTIME;pclk;reset_n;;reg_mactime;[31:0];32'h0;RO;;;;
0x0004;MACGPO;pclk;reset_n;;reg_macgpo;[31:0];32'h0;R/W;;;;
0x0008;MACTIME_SW;pclk;reset_n;;reg_mactime_sw;[31:0];32'h0;R/W;;;;
0x000C;MACTIME_WR;pclk;reset_n;;reg_mactime_wr;[31];1'h0;WO;;;;
;;;;;;[30:0];31'h0;RO;;;;
0x0010;MACNAV;pclk;reset_n;;;[31];1'h0;RO;;;;
;;;;;reg_navenable;[30];1'h0;R/W;nav_enable_clr/1'b0;nav_enable_set/1'b1;;
;;;;;;[29:16];14'h0;RO;;;;
;;;;;reg_nav;[15:0];16'h0;R/W;;;IO=O;hwr_macnav
0x0014;MACNAVTARGET;pclk;reset_n;;reg_navtarget;[31:0];32'h0;RO;;;;
0x0018;MACNAVSTART;pclk;reset_n;;reg_navstart;[31:0];32'h0;RO;;;;
0x001C;MACBBRXHUNG;pclk;reset_n;;reg_bbrxhung_ena;[31];1'h1;R/W;;;;
;;;;;reg_nosuportrate_option;[30];1'h1;R/W;;;;
;;;;;;[29:12];18'h0;RO;;;;
;;;;;reg_bbrxhung_time;[11:0];12'hf0;R/W;;;;
0x0020;MACBBTXHUNG;pclk;reset_n;;reg_bbtxhung_ena;[31];1'h1;R/W;;;;
;;;;;;[30:12];19'h0;RO;;;;
;;;;;reg_bbtxhung_time;[11:0];12'hf0;R/W;;;;
0x0024;MACBBCCAHUNG;pclk;reset_n;;reg_bbccahung_ena;[31];1'h1;R/W;;;;
;;;;;;[30:12];19'h0;RO;;;;
;;;;;reg_bbccahung_time;[11:0];12'hf0;R/W;;;;
0x0028;INT1_NMI_MAC;pclk;reset_n;;;[31:14];18'h0;RO;;;;
;;;;Not;tbtt2_int_nmi;[13];1'h0;R/W;;;;
;;;;Not;tbtt3_int_nmi;[12];1'h0;R/W;;;;
;;;;Not;tsf2_reach_int_nmi;[11];1'h0;R/W;;;;
;;;;Not;tsf3_reach_int_nmi;[10];1'h0;R/W;;;;
;;;;Not;txto_int_nmi;[9];1'h0;R/W;;;;
;;;;Not;txend_data_int_nmi;[8];1'h0;R/W;;;;
;;;;Not;txend_cts_int_nmi;[7];1'h0;R/W;;;;
;;;;Not;txend_rts_int_nmi;[6];1'h0;R/W;;;;
;;;;Not;rxend_txack_int_nmi;[5];1'h0;R/W;;;;
;;;;Not;rxend_txcts_int_nmi;[4];1'h0;R/W;;;;
;;;;Not;rxend_data_int_nmi;[3];1'h0;R/W;;;;
;;;;Not;rxsuc_int_nmi;[2];1'h0;R/W;;;;
;;;;Not;imrto_int_nmi;[1];1'h0;R/W;;;;
;;;;Not;rxto_int_nmi;[0];1'h0;R/W;;;;
0x002C;INT1_ENA_MAC;pclk;reset_n;;;[31:14];18'h0;RO;;;;
;;;;Not;tbtt2_int_ena;[13];1'h0;R/W;;;;
;;;;Not;tbtt3_int_ena;[12];1'h0;R/W;;;;
;;;;Not;tsf2_reach_int_ena;[11];1'h0;R/W;;;;
;;;;Not;tsf3_reach_int_ena;[10];1'h0;R/W;;;;
;;;;Not;txto_int_ena;[9];1'h0;R/W;;;;
;;;;Not;txend_data_int_ena;[8];1'h0;R/W;;;;
;;;;Not;txend_cts_int_ena;[7];1'h0;R/W;;;;
;;;;Not;txend_rts_int_ena;[6];1'h0;R/W;;;;
;;;;Not;rxend_txack_int_ena;[5];1'h0;R/W;;;;
;;;;Not;rxend_txcts_int_ena;[4];1'h0;R/W;;;;
;;;;Not;rxend_data_int_ena;[3];1'h0;R/W;;;;
;;;;Not;rxsuc_int_ena;[2];1'h0;R/W;;;;
;;;;Not;imrto_int_ena;[1];1'h0;R/W;;;;
;;;;Not;rxto_int_ena;[0];1'h0;R/W;;;;
0x0030;INT1_RAW_MAC;pclk;reset_n;;;[31:14];18'h0;RO;;;INT1_RAW;
;;;;Not;tbtt2_int_raw;[13];1'h0;R/W;tbtt2_int/1'b1;tbtt2_int_clr/1'b0;;
;;;;Not;tbtt3_int_raw;[12];1'h0;R/W;tbtt3_int/1'b1;tbtt3_int_clr/1'b0;;
;;;;Not;tsf2_reach_int_raw;[11];1'h0;R/W;tsf2_reach_int/1'b1;tsf2_reach_int_clr/1'b0;;
;;;;Not;tsf3_reach_int_raw;[10];1'h0;R/W;tsf3_reach_int/1'b1;tsf3_reach_int_clr/1'b0;;
;;;;Not;txto_int_raw;[9];1'h0;R/W;txto_int/1'b1;txto_int_clr/1'b0;;
;;;;Not;txend_data_int_raw;[8];1'h0;R/W;txend_data_int/1'b1;txend_data_int_clr/1'b0;;
;;;;Not;txend_cts_int_raw;[7];1'h0;R/W;txend_cts_int/1'b1;txend_cts_int_clr/1'b0;;
;;;;Not;txend_rts_int_raw;[6];1'h0;R/W;txend_rts_int/1'b1;txend_rts_int_clr/1'b0;;
;;;;Not;rxend_txack_int_raw;[5];1'h0;R/W;rxend_txack_int/1'b1;rxend_txack_int_clr/1'b0;;
;;;;Not;rxend_txcts_int_raw;[4];1'h0;R/W;rxend_txcts_int/1'b1;rxend_txcts_int_clr/1'b0;;
;;;;Not;rxend_data_int_raw;[3];1'h0;R/W;rxend_data_int/1'b1;rxend_data_int_clr/1'b0;;
;;;;Not;rxsuc_int_raw;[2];1'h0;R/W;rxsuc_int/1'b1;rxsuc_int_clr/1'b0;;
;;;;Not;imrto_int_raw;[1];1'h0;R/W;imrto_int/1'b1;imrto_int_clr/1'b0;;
;;;;Not;rxto_int_raw;[0];1'h0;R/W;rxto_int/1'b0;rxto_int_clr/1'b0;;
0x0034;INT1_ST_MAC;pclk;reset_n;;;[31:14];18'h0;RO;;;INT1_ST;
;;;;Not;tbtt2_int_st;[13];1'h0;RO;;;;
;;;;Not;tbtt3_int_st;[12];1'h0;RO;;;;
;;;;Not;tsf2_reach_int_st;[11];1'h0;RO;;;;
;;;;Not;tsf3_reach_int_st;[10];1'h0;RO;;;;
;;;;Not;txto_int_st;[9];1'h0;RO;;;;
;;;;Not;txend_data_int_st;[8];1'h0;RO;;;;
;;;;Not;txend_cts_int_st;[7];1'h0;RO;;;;
;;;;Not;txend_rts_int_st;[6];1'h0;RO;;;;
;;;;Not;rxend_txack_int_st;[5];1'h0;RO;;;;
;;;;Not;rxend_txcts_int_st;[4];1'h0;RO;;;;
;;;;Not;rxend_data_int_st;[3];1'h0;RO;;;;
;;;;Not;rxsuc_int_st;[2];1'h0;RO;;;;
;;;;Not;imrto_int_st;[1];1'h0;RO;;;;
;;;;Not;rxto_int_st;[0];1'h0;RO;;;;
0x0038;INT1_CLR_MAC;pclk;reset_n;;;[31:14];18'h0;WO;;;;
;;;;Not;tbtt2_int_clr;[13];1'h0;WO;;;;
;;;;Not;tbtt3_int_clr;[12];1'h0;WO;;;;
;;;;Not;tsf2_reach_int_clr;[11];1'h0;WO;;;;
;;;;Not;tsf3_reach_int_clr;[10];1'h0;WO;;;;
;;;;Not;txto_int_clr;[9];1'h0;WO;;;;
;;;;Not;txend_data_int_clr;[8];1'h0;WO;;;;
;;;;Not;txend_cts_int_clr;[7];1'h0;WO;;;;
;;;;Not;txend_rts_int_clr;[6];1'h0;WO;;;;
;;;;Not;rxend_txack_int_clr;[5];1'h0;WO;;;;
;;;;Not;rxend_txcts_int_clr;[4];1'h0;WO;;;;
;;;;Not;rxend_data_int_clr;[3];1'h0;WO;;;;
;;;;Not;rxsuc_int_clr;[2];1'h0;WO;;;;
;;;;Not;imrto_int_clr;[1];1'h0;WO;;;;
;;;;Not;rxto_int_clr;[0];1'h0;WO;;;;
0x003C;INT_NMI_MAC;pclk;reset_n;;;[31:29];3'h0;RO;;;;
;;;;Not;timer1_reach_int_nmi;[28];1'h0;R/W;;;;
;;;;Not;timer0_reach_int_nmi;[27];1'h0;R/W;;;;
;;;;Not;tick_1s_int_nmi;[26];1'h0;R/W;;;;
;;;;Not;rxend_block_int_nmi;[25];1'h0;R/W;;;;
;;;;Not;rxend_sampdu_int_nmi;[24];1'h0;R/W;;;;
;;;;Not;txstart_data_int_nmi;[23];1'h0;R/W;;;;
;;;;Not;txopstart_int_nmi;[22];1'h0;R/W;;;;
;;;;Not;txopcomplete_int_nmi;[21];1'h0;R/W;;;;
;;;;Not;rxerr_to_int_nmi;[20];1'h0;R/W;;;;
;;;;Not;txena_to_int_nmi;[19];1'h0;R/W;;;;
;;;;Not;rxahberr_int_nmi;[18];1'h0;R/W;;;;
;;;;Not;tsf0_reach_int_nmi;[17];1'h0;R/W;;;;
;;;;Not;tsf1_reach_int_nmi;[16];1'h0;R/W;;;;
;;;;Not;tbtt0_int_nmi;[15];1'h0;R/W;;;;
;;;;Not;tbtt1_int_nmi;[14];1'h0;R/W;;;;
;;;;Not;txstart_cts_int_nmi;[13];1'h0;R/W;;;;
;;;;Not;txstart_rts_int_nmi;[12];1'h0;R/W;;;;
;;;;Not;panic_watchdog_int_nmi;[11];1'h0;R/W;;;;
;;;;Not;bb_dc_int_nmi;[10];1'h0;R/W;;;;
;;;;Not;rxbufov_int_nmi;[9];1'h0;R/W;;;;
;;;;Not;txcol_int_nmi;[8];1'h0;R/W;;;;
;;;;Not;txcomplete_int_nmi;[7];1'h0;R/W;;;;
;;;;Not;rxhung_int_nmi;[6];1'h0;R/W;;;;
;;;;Not;rxsuc_data_int_nmi;[5];1'h0;R/W;;;;
;;;;Not;rxend_real_int_nmi;[4];1'h0;R/W;;;;
;;;;Not;rxstart_int_nmi;[3];1'h0;R/W;;;;
;;;;Not;rxend_int_nmi;[2];1'h0;R/W;;;;
;;;;Not;txend_int_nmi;[1];1'h0;R/W;;;;
;;;;Not;txstart_int_nmi;[0];1'h0;R/W;;;;
0x0040;INT_ENA_MAC;pclk;reset_n;;;[31:29];3'h0;RO;;;;
;;;;Not;timer1_reach_int_ena;[28];1'h0;R/W;;;;
;;;;Not;timer0_reach_int_ena;[27];1'h0;R/W;;;;
;;;;Not;tick_1s_int_ena;[26];1'h0;R/W;;;;
;;;;Not;rxend_block_int_ena;[25];1'h0;R/W;;;;
;;;;Not;rxend_sampdu_int_ena;[24];1'h0;R/W;;;;
;;;;Not;txstart_data_int_ena;[23];1'h0;R/W;;;;
;;;;Not;txopstart_int_ena;[22];1'h0;R/W;;;;
;;;;Not;txopcomplete_int_ena;[21];1'h0;R/W;;;;
;;;;Not;rxerr_to_int_ena;[20];1'h0;R/W;;;;
;;;;Not;txena_to_int_ena;[19];1'h0;R/W;;;;
;;;;Not;rxahberr_int_ena;[18];1'h0;R/W;;;;
;;;;Not;tsf0_reach_int_ena;[17];1'h0;R/W;;;;
;;;;Not;tsf1_reach_int_ena;[16];1'h0;R/W;;;;
;;;;Not;tbtt0_int_ena;[15];1'h0;R/W;;;;
;;;;Not;tbtt1_int_ena;[14];1'h0;R/W;;;;
;;;;Not;txstart_cts_int_ena;[13];1'h0;R/W;;;;
;;;;Not;txstart_rts_int_ena;[12];1'h0;R/W;;;;
;;;;Not;panic_watchdog_int_ena;[11];1'h0;R/W;;;;
;;;;Not;bb_dc_int_ena;[10];1'h0;R/W;;;;
;;;;Not;rxbufov_int_ena;[9];1'h0;R/W;;;;
;;;;Not;txcol_int_ena;[8];1'h0;R/W;;;;
;;;;Not;txcomplete_int_ena;[7];1'h0;R/W;;;;
;;;;Not;rxhung_int_ena;[6];1'h0;R/W;;;;
;;;;Not;rxsuc_data_int_ena;[5];1'h0;R/W;;;;
;;;;Not;rxend_real_int_ena;[4];1'h0;R/W;;;;
;;;;Not;rxstart_int_ena;[3];1'h0;R/W;;;;
;;;;Not;rxend_int_ena;[2];1'h0;R/W;;;;
;;;;Not;txend_int_ena;[1];1'h0;R/W;;;;
;;;;Not;txstart_int_ena;[0];1'h0;R/W;;;;
0x0044;INT_RAW_MAC;pclk;reset_n;;;[31:29];3'h0;RO;;;INT_RAW;
;;;;Not;timer1_reach_int_raw;[28];1'h0;R/W;timer1_reach_int/1'b1;timer1_reach_int_clr/1'b0;;
;;;;Not;timer0_reach_int_raw;[27];1'h0;R/W;timer0_reach_int/1'b1;timer0_reach_int_clr/1'b0;;
;;;;Not;tick_1s_int_raw;[26];1'h0;R/W;tick_1s_int/1'b1;tick_1s_int_clr/1'b0;;
;;;;Not;rxend_block_int_raw;[25];1'h0;R/W;rxend_block_int/1'b1;rxend_block_int_clr/1'b0;;
;;;;Not;rxend_sampdu_int_raw;[24];1'h0;R/W;rxend_sampdu_int/1'h1;rxend_sampdu_int_clr/1'b0;;
;;;;Not;txstart_data_int_raw;[23];1'h0;R/W;txstart_data_int/1'b1;txstart_data_int_clr/1'b0;;
;;;;Not;txopstart_int_raw;[22];1'h0;R/W;txopstart_int/1'b1;txopstart_int_clr/1'b0;;
;;;;Not;txopcomplete_int_raw;[21];1'h0;R/W;txopcomplete_int/1'b1;txopcomplete_int_clr/1'b0;;
;;;;Not;rxerr_to_int_raw;[20];1'h0;R/W;rxerr_to_int/1'b1;rxerr_to_int_clr/1'b0;;
;;;;Not;txena_to_int_raw;[19];1'h0;R/W;txena_to_int/1'b1;txena_to_int_clr/1'b0;;
;;;;Not;rxahberr_int_raw;[18];1'h0;R/W;rxahberr_int/1'b1;rxahberr_int_clr/1'b0;;
;;;;Not;tsf0_reach_int_raw;[17];1'h0;R/W;tsf0_reach_int/1'b1;tsf0_reach_int_clr/1'b0;;
;;;;Not;tsf1_reach_int_raw;[16];1'h0;R/W;tsf1_reach_int/1'b1;tsf1_reach_int_clr/1'b0;;
;;;;Not;tbtt0_int_raw;[15];1'h0;R/W;tbtt0_int/1'b1;tbtt0_int_clr/1'b0;;
;;;;Not;tbtt1_int_raw;[14];1'h0;R/W;tbtt1_int/1'b1;tbtt1_int_clr/1'b0;;
;;;;Not;txstart_cts_int_raw;[13];1'h0;R/W;txstart_cts_int/1'b1;txstart_cts_int_clr/1'b0;;
;;;;Not;txstart_rts_int_raw;[12];1'h0;R/W;txstart_rts_int/1'b1;txstart_rts_int_clr/1'b0;;
;;;;Not;panic_watchdog_int_raw;[11];1'h0;R/W;panic_watchdog_int/1'b1;panic_watchdog_int_clr/1'b0;;
;;;;Not;bb_dc_int_raw;[10];1'h0;R/W;bb_dc_int/1'b1;bb_dc_int_clr/1'b0;;
;;;;Not;rxbufov_int_raw;[9];1'h0;R/W;rxbufov_int/1'b1;rxbufov_int_clr/1'b0;;
;;;;Not;txcol_int_raw;[8];1'h0;R/W;txcol_int/1'b1;txcol_int_clr/1'b0;;
;;;;Not;txcomplete_int_raw;[7];1'h0;R/W;txcomplete_int/1'b1;txcomplete_int_clr/1'b0;;
;;;;Not;rxhung_int_raw;[6];1'h0;R/W;rxhung_int/1'b1;rxhung_int_clr/1'b0;;
;;;;Not;rxsuc_data_int_raw;[5];1'h0;R/W;rxsuc_data_int/1'b1;rxsuc_data_int_clr/1'b0;;
;;;;Not;rxend_real_int_raw;[4];1'h0;R/W;rxend_real_int/1'b1;rxend_real_int_clr/1'b0;;
;;;;Not;rxstart_int_raw;[3];1'h0;R/W;rxstart_int/1'b1;rxstart_int_clr/1'b0;;
;;;;Not;rxend_int_raw;[2];1'h0;R/W;rxend_int/1'b1;rxend_int_clr/1'b0;;
;;;;Not;txend_int_raw;[1];1'h0;R/W;txend_int/1'b1;txend_int_clr/1'b0;;
;;;;Not;txstart_int_raw;[0];1'h0;R/W;txstart_int/1'b1;txstart_int_clr/1'b0;;
0x0048;INT_ST_MAC;pclk;reset_n;;;[31:29];3'h0;RO;;;INT_ST;
;;;;Not;timer1_reach_int_st;[28];1'h0;RO;;;;
;;;;Not;timer0_reach_int_st;[27];1'h0;RO;;;;
;;;;Not;tick_1s_int_st;[26];1'h0;RO;;;;
;;;;Not;rxend_block_int_st;[25];1'h0;RO;;;;
;;;;Not;rxend_sampdu_int_st;[24];1'h0;RO;;;;
;;;;Not;txstart_data_int_st;[23];1'h0;RO;;;;
;;;;Not;txopstart_int_st;[22];1'h0;RO;;;;
;;;;Not;txopcomplete_int_st;[21];1'h0;RO;;;;
;;;;Not;rxerr_to_int_st;[20];1'h0;RO;;;;
;;;;Not;txena_to_int_st;[19];1'h0;RO;;;;
;;;;Not;rxahberr_int_st;[18];1'h0;RO;;;l;
;;;;Not;tsf0_reach_int_st;[17];1'h0;RO;;;;
;;;;Not;tsf1_reach_int_st;[16];1'h0;RO;;;;
;;;;Not;tbtt0_int_st;[15];1'h0;RO;;;;
;;;;Not;tbtt1_int_st;[14];1'h0;RO;;;;
;;;;Not;txstart_cts_int_st;[13];1'h0;RO;;;;
;;;;Not;txstart_rts_int_st;[12];1'h0;RO;;;;
;;;;Not;panic_watchdog_int_st;[11];1'h0;RO;;;;
;;;;Not;bb_dc_int_st;[10];1'h0;RO;;;;
;;;;Not;rxbufov_int_st;[9];1'h0;RO;;;;
;;;;Not;txcol_int_st;[8];1'h0;RO;;;;
;;;;Not;txcomplete_int_st;[7];1'h0;RO;;;;
;;;;Not;rxhung_int_st;[6];1'h0;RO;;;;
;;;;Not;rxsuc_data_int_st;[5];1'h0;RO;;;;
;;;;Not;rxend_real_int_st;[4];1'h0;RO;;;;
;;;;Not;rxstart_int_st;[3];1'h0;RO;;;;
;;;;Not;rxend_int_st;[2];1'h0;RO;;;;
;;;;Not;txend_int_st;[1];1'h0;RO;;;;
;;;;Not;txstart_int_st;[0];1'h0;RO;;;;
0x004C;INT_CLR_MAC;pclk;reset_n;;;[31:29];3'h0;RO;;;;
;;;;Not;timer1_reach_int_clr;[28];1'h0;WO;;;;
;;;;Not;timer0_reach_int_clr;[27];1'h0;WO;;;;
;;;;Not;tick_1s_int_clr;[26];1'h0;WO;;;;
;;;;Not;rxend_block_int_clr;[25];1'h0;WO;;;;
;;;;Not;rxend_sampdu_int_clr;[24];1'h0;WO;;;;
;;;;Not;txstart_data_int_clr;[23];1'h0;WO;;;;
;;;;Not;txopstart_int_clr;[22];1'h0;WO;;;;
;;;;Not;txopcomplete_int_clr;[21];1'h0;WO;;;;
;;;;Not;rxerr_to_int_clr;[20];1'h0;WO;;;;
;;;;Not;txena_to_int_clr;[19];1'h0;WO;;;;
;;;;Not;rxahberr_int_clr;[18];1'h0;WO;;;;
;;;;Not;tsf0_reach_int_clr;[17];1'h0;WO;;;;
;;;;Not;tsf1_reach_int_clr;[16];1'h0;WO;;;;
;;;;Not;tbtt0_int_clr;[15];1'h0;WO;;;;
;;;;Not;tbtt1_int_clr;[14];1'h0;WO;;;;
;;;;Not;txstart_cts_int_clr;[13];1'h0;WO;;;;
;;;;Not;txstart_rts_int_clr;[12];1'h0;WO;;;;
;;;;Not;panic_watchdog_int_clr;[11];1'h0;WO;;;;
;;;;Not;bb_dc_int_clr;[10];1'h0;WO;;;;
;;;;Not;rxbufov_int_clr;[9];1'h0;WO;;;;
;;;;Not;txcol_int_clr;[8];1'h0;WO;;;;
;;;;Not;txcomplete_int_clr;[7];1'h0;WO;;;;
;;;;Not;rxhung_int_clr;[6];1'h0;WO;;;;
;;;;Not;rxsuc_data_int_clr;[5];1'h0;WO;;;;
;;;;Not;rxend_real_int_clr;[4];1'h0;WO;;;;
;;;;Not;rxstart_int_clr;[3];1'h0;WO;;;;
;;;;Not;rxend_int_clr;[2];1'h0;WO;;;;
;;;;Not;txend_int_clr;[1];1'h0;WO;;;;
;;;;Not;txstart_int_clr;[0];1'h0;WO;;;;
0x0050;MACSLOT;pclk;reset_n;;reg_macslot;[31:24];8'h9;R/W;;;;
;;;;;reg_sifs;[23:16];8'hE;R/W;;;;
;;;;;reg_rxstartcck_delay;[15:8];8'h20;R/W;;;;
;;;;;reg_rxstartofdm_delay;[7:0];8'h20;R/W;;;;
0x0054;MACDELAY;pclk;reset_n;;reg_txcck_delay;[31:24];8'h0;R/W;;;;
;;;;;reg_txofdm_delay;[23:16];8'h0;R/W;;;;
;;;;;reg_rxcck_delay;[15:8];8'h0;R/W;;;;
;;;;;reg_rxofdm_delay;[7:0];8'h0;R/W;;;;
0x0058;MACBB_INIT_VALUE;pclk;reset_n;;reg_bb_cca_ind;[31:30];2'h0;R/W;;;;
;;;;;reg_bb_cca_ind_ht40_sec;[29:28];2'h0;R/W;;;;
;;;;;reg_bb_rx_is_bw40;[27:26];2'h0;R/W;;;;
;;;;;reg_bb_rxframe;[25:24];2'h0;R/W;;;;
;;;;;reg_bb_rxdata_valid;[23:22];2'h0;R/W;;;;
;;;;;reg_bb_txframe_ack_bt;[21:20];2'h0;R/W;;;;
;;;;;reg_bb_txerror;[19:18];2'h0;R/W;;;;
;;;;;reg_bb_txframe_ack;[17:16];2'h0;R/W;;;;
;;;;;reg_bb_txdata_ack;[15:14];2'h0;R/W;;;;
;;;;;reg_freq_hop_busy;[13:12];2'h0;R/W;;;;
;;;;;;[11:0];12'h0;RO;;;;
0x005C;MACHUNGRECOVER;pclk;reset_n;;reg_mac_rxhung_recover;[31];1'h0;R/W;;;;
;;;;;reg_mac_rxhung_timer;[30:16];15'hFFF;R/W;;;;
;;;;;reg_mac_txhung_recover;[15];1'h0;R/W;;;;
;;;;;reg_mac_txhung_timer;[14:0];15'hFFF;R/W;;;;
0x0060;MACHUNGSTATE;pclk;reset_n;;rxhung_statis_cnt;[31:24];8'h0;RO;;;;
;;;;;txhung_statis_cnt;[23:16];8'h0;RO;;;;
;;;;;;[15:1];15'h0;RO;;;;
;;;;;reg_hungst_clr;[0];1'h0;WO;;;;
0x0064;MACAHBMTEST;pclk;reset_n;;;[31:16];16'h0;RO;;;;
;;;;;reg_tx_ahbm_testaddr;[15:14];2'h0;R/W;;;;
;;;;;reg_tx_ahbm_testmode;[13:12];2'h0;R/W;;;;
;;;;;reg_rxgetdscr_ahbm_testaddr;[11:10];2'h0;R/W;;;;
;;;;;reg_rxgetdscr_ahbm_testmode;[9:8];2'h0;R/W;;;;
;;;;;reg_rxdscr_ahbm_testaddr;[7:6];2'h0;R/W;;;;
;;;;;reg_rxdscr_ahbm_testmode;[5:4];2'h0;R/W;;;;
;;;;;reg_rx_ahbm_testaddr;[3:2];2'h0;R/W;;;;
;;;;;reg_rx_ahbm_testmode;[1:0];2'h0;R/W;;;;
0x0068;MACTXPMD;pclk;reset_n;;txcomplete_state;[31:28];4'h0;RO;;;;
;;;;;txcomplete_st_match;[27:24];4'h0;RO;;;;
;;;;;txcomplete_errcode;[23:16];8'h0;RO;;;;
;;;;;txstart_qsel;[15:12];4'h0;RO;;;;
;;;;;txcomplete_qsel;[11:8];4'h0;RO;;;;
;;;;;txend_state;[7:0];8'h0;RO;;;;
0x006C;MACOPTIONS;pclk;reset_n;;reg_auto_filltsf_ena;[31];1'h1;R/W;;;;
;;;;;reg_txcompint_option;[30];1'h0;R/W;;;;
;;;;;reg_batab_ena;[29];1'h1;R/W;;;;
;;;;;reg_waitingack_nocase_buffer;[28];1'h0;R/W;;;;
;;;;;reg_force_center;[27];1'h0;R/W;;;;
;;;;;reg_btprio11_force_rxerr;[26];1'h1;R/W;;;;
;;;;;reg_rxcw40frht;[25];1'h0;R/W;;;;
;;;;;reg_tmstp_tsfup_filter;[24];1'h1;R/W;;;;
;;;;;reg_rxlastdscr_fix;[23];1'h0;R/W;;;;
;;;;;reg_txrxext_sel;[22:21];2'h0;R/W;;;;
;;;;;reg_txrxext_tab_ena;[20];1'h0;R/W;;;;
;;;;;;[19:15];5'h0;RO;;;;
;;;;;reg_rxapdumpmode_ena;[14];1'h0;R/W;;;;
;;;;;reg_rxsamebm_err_ena;[13];1'h0;R/W;;;;
;;;;;;[12];1'h0;RO;;;;
;;;;;reg_txop_int_used;[11];1'h1;R/W;;;;
;;;;;reg_lock_autotx;[10];1'h1;R/W;;;;
;;;;;reg_rxsublen_replace_leglen;[9];1'h0;R/W;;;;
;;;;;reg_txht40_multilen;[8];1'h0;R/W;;;;
;;;;;reg_txwaitack_till_timout;[7];1'h0;R/W;;;;
;;;;;reg_cca_equ_rxfram;[6];1'h0;R/W;;;;
;;;;;reg_txcol_version;[5];1'h1;R/W;;;;
;;;;;reg_txampdu_disable_en;[4];1'h0;R/W;;;;
;;;;;;[3];1'h0;RO;;;;
;;;;;reg_txauto_len_calc;[2];1'h1;R/W;;;;
;;;;;reg_tx11n_len_check;[1];1'h0;R/W;;;;
;;;; Not;reg_schclk_en;[0];1'h0;R/W;;;;
0x0070;MACSECOND_CCACONF;pclk;reset_n;;reg_txdata_ht40_care_curseccca;[31];1'h0;R/W;;;;
;;;;;reg_txdata_ht40_care_rxcts;[30];1'h0;R/W;;;;
;;;;;reg_txdata_ht20_care_rxcts;[29];1'h0;R/W;;;;
;;;;;reg_autorxtxcts_care_curseccca;[28];1'h0;R/W;;;;
;;;;;;[27:8];20'h0;RO;;;;
;;;;;reg_secondcca_count;[7:0];8'h20;R/W;;;;
0x0074;MACRXTXOPTION;pclk;reset_n;;;[31:4];28'h0;RO;;;;
;;;;;reg_autotxcts_imr;[3];1'h1;R/W;;;;
;;;;;reg_txack_pmg;[2];1'h0;R/W;;;;
;;;;;reg_txba_pmg;[1];1'h0;R/W;;;;
;;;;;reg_txmcs_sel;[0];1'h0;R/W;;;;
0x0078;MACAUTOTXRX_ENA;pclk;reset_n;;;[31:2];30'h0;RO;;;;
;;;;;reg_autotx_ena;[1];1'h0;R/W;;;;
;;;;;reg_autorxtx_ena;[0];1'h0;R/W;;;;
0x007C;MACTXRX_TAB0;pclk;reset_n;;reg_txrx_assreq;[31:28];4'h1;R/W;;;;
;;;;;reg_txrx_assres;[27:24];4'h1;R/W;;;;
;;;;;reg_txrx_reareq;[23:20];4'h1;R/W;;;;
;;;;;reg_txrx_reares;[19:16];4'h1;R/W;;;;
;;;;;reg_txrx_proreq;[15:12];4'h1;R/W;;;;
;;;;;reg_txrx_prores;[11:8];4'h1;R/W;;;;
;;;;;reg_txrx_000110;[7:4];4'h0;R/W;;;;
;;;;;reg_txrx_000111;[3:0];4'h0;R/W;;;;
0x0080;MACTXRX_TAB1;pclk;reset_n;;reg_txrx_beacon;[31:28];4'h0;R/W;;;;
;;;;;reg_txrx_atim;[27:24];4'h0;R/W;;;;
;;;;;reg_txrx_disass;[23:20];4'h1;R/W;;;;
;;;;;reg_txrx_authen;[19:16];4'h1;R/W;;;;
;;;;;reg_txrx_deauth;[15:12];4'h1;R/W;;;;
;;;;;reg_txrx_action;[11:8];4'h1;R/W;;;;
;;;;;reg_txrx_actnoack;[7:4];4'h0;R/W;;;;
;;;;;reg_txrx_001111;[3:0];4'h0;R/W;;;;
0x0084;MACTXRX_TAB2;pclk;reset_n;;reg_txrx_010000;[31:28];4'h0;R/W;;;;
;;;;;reg_txrx_010001;[27:24];4'h0;R/W;;;;
;;;;;reg_txrx_010010;[23:20];4'h0;R/W;;;;
;;;;;reg_txrx_010011;[19:16];4'h0;R/W;;;;
;;;;;reg_txrx_010100;[15:12];4'h0;R/W;;;;
;;;;;reg_txrx_010101;[11:8];4'h0;R/W;;;;
;;;;;reg_txrx_010110;[7:4];4'h0;R/W;;;;
;;;;;reg_txrx_conwar;[3:0];4'h0;R/W;;;;
0x0088;MACTXRX_TAB3;pclk;reset_n;;reg_txrx_bareq;[31:28];4'h6;R/W;;;;
;;;;;reg_txrx_ba;[27:24];4'h0;R/W;;;;
;;;;;reg_txrx_pspoll;[23:20];4'h1;R/W;;;;
;;;;;reg_txrx_rts;[19:16];4'h2;R/W;;;;
;;;;;reg_txrx_cts;[15:12];4'h4;R/W;;;;
;;;;;reg_txrx_ack;[11:8];4'h0;R/W;;;;
;;;;;reg_txrx_cfend;[7:4];4'h0;R/W;;;;
;;;;;reg_txrx_cfendcfack;[3:0];4'h0;R/W;;;;
0x008C;MACTXRX_TAB4;pclk;reset_n;;reg_txrx_data;[31:28];4'h1;R/W;;;;
;;;;;reg_txrx_datacfack;[27:24];4'h0;R/W;;;;
;;;;;reg_txrx_datacfpoll;[23:20];4'h0;R/W;;;;
;;;;;reg_txrx_datacfackcfpoll;[19:16];4'h0;R/W;;;;
;;;;;reg_txrx_null;[15:12];4'h1;R/W;;;;
;;;;;reg_txrx_cfack;[11:8];4'h0;R/W;;;;
;;;;;reg_txrx_cfpoll;[7:4];4'h0;R/W;;;;
;;;;;reg_txrx_cfackcfpoll;[3:0];4'h0;R/W;;;;
0x0090;MACTXRX_TAB5;pclk;reset_n;;reg_txrx_qosdata;[31:28];4'h5;R/W;;;;
;;;;;reg_txrx_qosdatacfack;[27:24];4'h5;R/W;;;;
;;;;;reg_txrx_qosdatacfpoll;[23:20];4'h5;R/W;;;;
;;;;;reg_txrx_qosdatacfackcfpoll;[19:16];4'h5;R/W;;;;
;;;;;reg_txrx_qosnull;[15:12];4'h5;R/W;;;;
;;;;;reg_txrx_101101;[11:8];4'h0;R/W;;;;
;;;;;reg_txrx_qoscpoll;[7:4];4'h5;R/W;;;;
;;;;;reg_txrx_qoscfackcfpoll;[3:0];4'h5;R/W;;;;
0x0094;MACTXRXEXT_TAB0;pclk;reset_n;;reg_txrxext_assreq;[31:28];4'h1;R/W;;;;
;;;;;reg_txrxext_assres;[27:24];4'h1;R/W;;;;
;;;;;reg_txrxext_reareq;[23:20];4'h1;R/W;;;;
;;;;;reg_txrxext_reares;[19:16];4'h1;R/W;;;;
;;;;;reg_txrxext_proreq;[15:12];4'h1;R/W;;;;
;;;;;reg_txrxext_prores;[11:8];4'h1;R/W;;;;
;;;;;reg_txrxext_000110;[7:4];4'h0;R/W;;;;
;;;;;reg_txrxext_000111;[3:0];4'h0;R/W;;;;
0x0098;MACTXRXEXT_TAB1;pclk;reset_n;;reg_txrxext_beacon;[31:28];4'h0;R/W;;;;
;;;;;reg_txrxext_atim;[27:24];4'h0;R/W;;;;
;;;;;reg_txrxext_disass;[23:20];4'h1;R/W;;;;
;;;;;reg_txrxext_authen;[19:16];4'h1;R/W;;;;
;;;;;reg_txrxext_deauth;[15:12];4'h1;R/W;;;;
;;;;;reg_txrxext_action;[11:8];4'h1;R/W;;;;
;;;;;reg_txrxext_actnoack;[7:4];4'h0;R/W;;;;
;;;;;reg_txrxext_001111;[3:0];4'h0;R/W;;;;
0x009C;MACTXRXEXT_TAB2;pclk;reset_n;;reg_txrxext_010000;[31:28];4'h0;R/W;;;;
;;;;;reg_txrxext_010001;[27:24];4'h0;R/W;;;;
;;;;;reg_txrxext_010010;[23:20];4'h0;R/W;;;;
;;;;;reg_txrxext_010011;[19:16];4'h0;R/W;;;;
;;;;;reg_txrxext_010100;[15:12];4'h0;R/W;;;;
;;;;;reg_txrxext_010101;[11:8];4'h0;R/W;;;;
;;;;;reg_txrxext_010110;[7:4];4'h0;R/W;;;;
;;;;;reg_txrxext_conwar;[3:0];4'h0;R/W;;;;
0x00A0;MACTXRXEXT_TAB3;pclk;reset_n;;reg_txrxext_bareq;[31:28];4'h6;R/W;;;;
;;;;;reg_txrxext_ba;[27:24];4'h7;R/W;;;;
;;;;;reg_txrxext_pspoll;[23:20];4'h1;R/W;;;;
;;;;;reg_txrxext_rts;[19:16];4'h2;R/W;;;;
;;;;;reg_txrxext_cts;[15:12];4'h4;R/W;;;;
;;;;;reg_txrxext_ack;[11:8];4'h0;R/W;;;;
;;;;;reg_txrxext_cfend;[7:4];4'h0;R/W;;;;
;;;;;reg_txrxext_cfendcfack;[3:0];4'h0;R/W;;;;
0x00A4;MACTXRXEXT_TAB4;pclk;reset_n;;reg_txrxext_data;[31:28];4'h1;R/W;;;;
;;;;;reg_txrxext_datacfack;[27:24];4'h0;R/W;;;;
;;;;;reg_txrxext_datacfpoll;[23:20];4'h0;R/W;;;;
;;;;;reg_txrxext_datacfackcfpoll;[19:16];4'h0;R/W;;;;
;;;;;reg_txrxext_null;[15:12];4'h1;R/W;;;;
;;;;;reg_txrxext_cfack;[11:8];4'h0;R/W;;;;
;;;;;reg_txrxext_cfpoll;[7:4];4'h0;R/W;;;;
;;;;;reg_txrxext_cfackcfpoll;[3:0];4'h0;R/W;;;;
0x00A8;MACTXRXEXT_TAB5;pclk;reset_n;;reg_txrxext_qosdata;[31:28];4'h5;R/W;;;;
;;;;;reg_txrxext_qosdatacfack;[27:24];4'h5;R/W;;;;
;;;;;reg_txrxext_qosdatacfpoll;[23:20];4'h5;R/W;;;;
;;;;;reg_txrxext_qosdatacfackcfpoll;[19:16];4'h5;R/W;;;;
;;;;;reg_txrxext_qosnull;[15:12];4'h5;R/W;;;;
;;;;;reg_txrxext_101101;[11:8];4'h0;R/W;;;;
;;;;;reg_txrxext_qoscpoll;[7:4];4'h5;R/W;;;;
;;;;;reg_txrxext_qoscfackcfpoll;[3:0];4'h5;R/W;;;;
0x00AC;MACTXRX_QNUM;pclk;reset_n;;;[31:8];24'h0;RO;;;;
;;;;;reg_beacon_qnum;[7:4];4'h6;R/W;;;;
;;;;;reg_txrx_qnum;[3:0];4'h0;R/W;;;;
0x00B0;MACTXTARGET;pclk;reset_n;;reg_tx_target;[31:0];32'h0;R/W;;;;
0x00B4;MACTXTARGET_ENA;pclk;reset_n;;;[31:1];31'h0;RO;;;;
;;;;;reg_txtime_ena;[0];1'h0;R/W;;;;
0x00B8;MACTXQ_BLOCK;pclk;reset_n;;;[31:27];5'h0;RO;;;;
;;;;;reg_tximr2_com_stop;[26];1'h0;R/W;;;;
;;;;;reg_tximr1_com_stop;[25];1'h0;R/W;;;;
;;;;;reg_tximr0_com_stop;[24];1'h0;R/W;;;;
;;;;;reg_txq7_com_stop;[23];1'h0;R/W;;;;
;;;;;reg_txq6_com_stop;[22];1'h0;R/W;;;;
;;;;;reg_txq5_com_stop;[21];1'h0;R/W;;;;
;;;;;reg_txq4_com_stop;[20];1'h0;R/W;;;;
;;;;;reg_txq3_com_stop;[19];1'h0;R/W;;;;
;;;;;reg_txq2_com_stop;[18];1'h0;R/W;;;;
;;;;;reg_txq1_com_stop;[17];1'h0;R/W;;;;
;;;;;reg_txq0_com_stop;[16];1'h0;R/W;;;;
;;;;;reg_autorxtx_stop;[15];1'h0;R/W;;;;
;;;;;rxing;[14];1'h0;RO;;;;
;;;;;txing;[13];1'h0;RO;;;;
;;;;;reg_rxblock;[12];1'h0;R/W;;;;
;;;;;;[11];1'h0;RO;;;;
;;;;;reg_tximr2_block;[10];1'h0;R/W;;;;
;;;;;reg_tximr1_block;[9];1'h0;R/W;;;;
;;;;;reg_tximr0_block;[8];1'h0;R/W;;;;
;;;;;reg_txq7_block;[7];1'h0;R/W;;;;
;;;;;reg_txq6_block;[6];1'h0;R/W;;;;
;;;;;reg_txq5_block;[5];1'h0;R/W;;;;
;;;;;reg_txq4_block;[4];1'h0;R/W;;;;
;;;;;reg_txq3_block;[3];1'h0;R/W;;;;
;;;;;reg_txq2_block;[2];1'h0;R/W;;;;
;;;;;reg_txq1_block;[1];1'h0;R/W;;;;
;;;;;reg_txq0_block;[0];1'h0;R/W;;;;
0x00BC;MACTXSTATE_CLR;pclk;reset_n;;;[31:27];5'h0;RO;;;;
;;;;;reg_tximr2_enato_clr;[26];1'h0;WO;;;;
;;;;;reg_tximr1_enato_clr;[25];1'h0;WO;;;;
;;;;;reg_tximr0_enato_clr;[24];1'h0;WO;;;;
;;;;;reg_txq7_enato_clr;[23];1'h0;WO;;;;
;;;;;reg_txq6_enato_clr;[22];1'h0;WO;;;;
;;;;;reg_txq5_enato_clr;[21];1'h0;WO;;;;
;;;;;reg_txq4_enato_clr;[20];1'h0;WO;;;;
;;;;;reg_txq3_enato_clr;[19];1'h0;WO;;;;
;;;;;reg_txq2_enato_clr;[18];1'h0;WO;;;;
;;;;;reg_txq1_enato_clr;[17];1'h0;WO;;;;
;;;;;reg_txq0_enato_clr;[16];1'h0;WO;;;;
;;;;;;[15:11];5'h0;RO;;;;
;;;;;reg_tximr2_col_clr;[10];1'h0;WO;;;;
;;;;;reg_tximr1_col_clr;[9];1'h0;WO;;;;
;;;;;reg_tximr0_col_clr;[8];1'h0;WO;;;;
;;;;;reg_txq7_col_clr;[7];1'h0;WO;;;;
;;;;;reg_txq6_col_clr;[6];1'h0;WO;;;;
;;;;;reg_txq5_col_clr;[5];1'h0;WO;;;;
;;;;;reg_txq4_col_clr;[4];1'h0;WO;;;;
;;;;;reg_txq3_col_clr;[3];1'h0;WO;;;;
;;;;;reg_txq2_col_clr;[2];1'h0;WO;;;;
;;;;;reg_txq1_col_clr;[1];1'h0;WO;;;;
;;;;;reg_txq0_col_clr;[0];1'h0;WO;;;;
0x00C0;MACTXSTATE;pclk;reset_n;;;[31:27];5'h0;RO;;;;
;;;;;reg_tximr2_enato_st;[26];1'h0;R/W;tximr2_enato_int/1'b1;reg_tximr2_enato_clr/1'b0;;
;;;;;reg_tximr1_enato_st;[25];1'h0;R/W;tximr1_enato_int/1'b1;reg_tximr1_enato_clr/1'b0;;
;;;;;reg_tximr0_enato_st;[24];1'h0;R/W;tximr0_enato_int/1'b1;reg_tximr0_enato_clr/1'b0;;
;;;;;reg_txq7_enato_st;[23];1'h0;R/W;txq7_enato_int/1'b1;reg_txq7_enato_clr/1'b0;;
;;;;;reg_txq6_enato_st;[22];1'h0;R/W;txq6_enato_int/1'b1;reg_txq6_enato_clr/1'b0;;
;;;;;reg_txq5_enato_st;[21];1'h0;R/W;txq5_enato_int/1'b1;reg_txq5_enato_clr/1'b0;;
;;;;;reg_txq4_enato_st;[20];1'h0;R/W;txq4_enato_int/1'b1;reg_txq4_enato_clr/1'b0;;
;;;;;reg_txq3_enato_st;[19];1'h0;R/W;txq3_enato_int/1'b1;reg_txq3_enato_clr/1'b0;;
;;;;;reg_txq2_enato_st;[18];1'h0;R/W;txq2_enato_int/1'b1;reg_txq2_enato_clr/1'b0;;
;;;;;reg_txq1_enato_st;[17];1'h0;R/W;txq1_enato_int/1'b1;reg_txq1_enato_clr/1'b0;;
;;;;;reg_txq0_enato_st;[16];1'h0;R/W;txq0_enato_int/1'b1;reg_txq0_enato_clr/1'b0;;
;;;;;;[15:11];5'h0;RO;;;;
;;;;;reg_tximr2_col;[10];1'h0;R/W;tximr2_col_ena/1'b1;reg_tximr2_col_clr/1'b0;;
;;;;;reg_tximr1_col;[9];1'h0;R/W;tximr1_col_ena/1'b1;reg_tximr1_col_clr/1'b0;;
;;;;;reg_tximr0_col;[8];1'h0;R/W;tximr0_col_ena/1'b1;reg_tximr0_col_clr/1'b0;;
;;;;;reg_txq7_col;[7];1'h0;R/W;txq7_col_ena/1'b1;reg_txq7_col_clr/1'b0;;
;;;;;reg_txq6_col;[6];1'h0;R/W;txq6_col_ena/1'b1;reg_txq6_col_clr/1'b0;;
;;;;;reg_txq5_col;[5];1'h0;R/W;txq5_col_ena/1'b1;reg_txq5_col_clr/1'b0;;
;;;;;reg_txq4_col;[4];1'h0;R/W;txq4_col_ena/1'b1;reg_txq4_col_clr/1'b0;;
;;;;;reg_txq3_col;[3];1'h0;R/W;txq3_col_ena/1'b1;reg_txq3_col_clr/1'b0;;
;;;;;reg_txq2_col;[2];1'h0;R/W;txq2_col_ena/1'b1;reg_txq2_col_clr/1'b0;;
;;;;;reg_txq1_col;[1];1'h0;R/W;txq1_col_ena/1'b1;reg_txq1_col_clr/1'b0;;
;;;;;reg_txq0_col;[0];1'h0;R/W;txq0_col_ena/1'b1;reg_txq0_col_clr/1'b0;;
0x00C4;MACTXENA_ST_CLR;pclk;reset_n;;;[31:11];21'h0;RO;;;;
;;;;;tximr2_ena_st_clr;[10];1'h0;WO;;;;
;;;;;tximr1_ena_st_clr;[9];1'h0;WO;;;;
;;;;;tximr0_ena_st_clr;[8];1'h0;WO;;;;
;;;;;txq7_ena_st_clr;[7];1'h0;WO;;;;
;;;;;txq6_ena_st_clr;[6];1'h0;WO;;;;
;;;;;txq5_ena_st_clr;[5];1'h0;WO;;;;
;;;;;txq4_ena_st_clr;[4];1'h0;WO;;;;
;;;;;txq3_ena_st_clr;[3];1'h0;WO;;;;
;;;;;txq2_ena_st_clr;[2];1'h0;WO;;;;
;;;;;txq1_ena_st_clr;[1];1'h0;WO;;;;
;;;;;txq0_ena_st_clr;[0];1'h0;WO;;;;
0x00C8;MACTXENA_ST;pclk;reset_n;;;[31:11];20'h0;RO;;;;
;;;;;tximr2_ena_st;[10];1'h0;R/W;tximr2_txcom_int/1'b1;tximr2_ena_st_clr/1'b0;;
;;;;;tximr1_ena_st;[9];1'h0;R/W;tximr1_txcom_int/1'b1;tximr1_ena_st_clr/1'b0;;
;;;;;tximr0_ena_st;[8];1'h0;R/W;tximr0_txcom_int/1'b1;tximr0_ena_st_clr/1'b0;;
;;;;;txq7_ena_st;[7];1'h0;R/W;txq7_txcom_int/1'b1;txq7_ena_st_clr/1'b0;;
;;;;;txq6_ena_st;[6];1'h0;R/W;txq6_txcom_int/1'b1;txq6_ena_st_clr/1'b0;;
;;;;;txq5_ena_st;[5];1'h0;R/W;txq5_txcom_int/1'b1;txq5_ena_st_clr/1'b0;;
;;;;;txq4_ena_st;[4];1'h0;R/W;txq4_txcom_int/1'b1;txq4_ena_st_clr/1'b0;;
;;;;;txq3_ena_st;[3];1'h0;R/W;txq3_txcom_int/1'b1;txq3_ena_st_clr/1'b0;;
;;;;;txq2_ena_st;[2];1'h0;R/W;txq2_txcom_int/1'b1;txq2_ena_st_clr/1'b0;;
;;;;;txq1_ena_st;[1];1'h0;R/W;txq1_txcom_int/1'b1;txq1_ena_st_clr/1'b0;;
;;;;;txq0_ena_st;[0];1'h0;R/W;txq0_txcom_int/1'b1;txq0_ena_st_clr/1'b0;;
0x00CC;MACTXIMR2_CONF;pclk;reset_n;;;[31:12];20'h0;RO;;;;
;;;;;reg_tximr2_enato_timer;[11:0];12'h0;R/W;;;;
0x00D0;MACTXIMR2_PLCP0;pclk;reset_n;;reg_tximr2_ena;[31];1'h0;R/W;tximr2_ena_clr/1'b0;tximr2_ena_set/1'b1;;
;;;;;reg_tximr2_valid;[30];1'h0;R/W;tximr2_valid_clr/1'b0;;;
;;;;;reg_tximr2_txop;[29];1'h0;R/W;;;;
;;;;;reg_tximr2_cts;[28];1'h0;R/W;;;;
;;;;;reg_tximr2_rts;[27];1'h0;R/W;;;;
;;;;;reg_tximr2_ack;[26:24];3'h0;R/W;;;;
;;;;;reg_tximr2_cf;[23];1'h0;R/W;;;;
;;;;;reg_tximr2_autodur;[22];1'h0;R/W;;;;
;;;;;reg_tximr2_txenato;[21];1'h0;R/W;;;;
;;;;;reg_tximr2_hwseq;[20];1'h0;R/W;;;;
;;;;;reg_tximr2_link_addr;[19:0];20'h0;R/W;;;;
0x00D4;MACTXIMR1_CONF;pclk;reset_n;;;[31:12];20'h0;RO;;;;
;;;;;reg_tximr1_enato_timer;[11:0];12'h0;R/W;;;;
0x00D8;MACTXIMR1_PLCP0;pclk;reset_n;;reg_tximr1_ena;[31];1'h0;R/W;tximr1_ena_clr/1'b0;tximr1_ena_set/1'b1;;
;;;;;reg_tximr1_valid;[30];1'h0;R/W;tximr1_valid_clr/1'b0;;;
;;;;;reg_tximr1_txop;[29];1'h0;R/W;;;;
;;;;;reg_tximr1_cts;[28];1'h0;R/W;;;;
;;;;;reg_tximr1_rts;[27];1'h0;R/W;;;;
;;;;;reg_tximr1_ack;[26:24];3'h0;R/W;;;;
;;;;;reg_tximr1_cf;[23];1'h0;R/W;;;;
;;;;;reg_tximr1_autodur;[22];1'h0;R/W;;;;
;;;;;reg_tximr1_txenato;[21];1'h0;R/W;;;;
;;;;;reg_tximr1_hwseq;[20];1'h0;R/W;;;;
;;;;;reg_tximr1_link_addr;[19:0];20'h0;R/W;;;;
0x00DC;MACTXIMR0_CONF;pclk;reset_n;;;[31:12];20'h0;RO;;;;
;;;;;reg_tximr0_enato_timer;[11:0];12'h0;R/W;;;;
0x00E0;MACTXIMR0_PLCP0;pclk;reset_n;;reg_tximr0_ena;[31];1'h0;R/W;tximr0_ena_clr/1'b0;tximr0_ena_set/1'b1;;
;;;;;reg_tximr0_valid;[30];1'h0;R/W;tximr0_valid_clr/1'b0;;;
;;;;;reg_tximr0_txop;[29];1'h0;R/W;;;;
;;;;;reg_tximr0_cts;[28];1'h0;R/W;;;;
;;;;;reg_tximr0_rts;[27];1'h0;R/W;;;;
;;;;;reg_tximr0_ack;[26:24];3'h0;R/W;;;;
;;;;;reg_tximr0_cf;[23];1'h0;R/W;;;;
;;;;;reg_tximr0_autodur;[22];1'h0;R/W;;;;
;;;;;reg_tximr0_txenato;[21];1'h0;R/W;;;;
;;;;;reg_tximr0_hwseq;[20];1'h0;R/W;;;;
;;;;;reg_tximr0_link_addr;[19:0];20'h0;R/W;;;;
0x00E4;MACTXQ7_CONF;pclk;reset_n;;;[31:28];4'h0;RO;;;;
;;;;;reg_txq7_aifs;[27:24];4'h0;R/W;;;IO=O;hwr_mactxq7_conf
;;;;;txq7_inbackoff;[23];1'h0;RO;;;;
;;;;;txq7_inaifs;[22];1'h0;RO;;;;
;;;;;reg_txq7_backoff;[21:12];10'h0;R/W;;;;
;;;;;reg_txq7_enato_timer;[11:0];12'h0;R/W;;;;
0x00E8;MACTXQ7_PLCP0;pclk;reset_n;;reg_txq7_ena;[31];1'h0;R/W;txq7_ena_clr/1'b0;txq7_ena_set/1'b1;;
;;;;;reg_txq7_valid;[30];1'h0;R/W;txq7_valid_clr/1'b0;;;
;;;;;reg_txq7_txop;[29];1'h0;R/W;;;;
;;;;;reg_txq7_cts;[28];1'h0;R/W;;;;
;;;;;reg_txq7_rts;[27];1'h0;R/W;;;;
;;;;;reg_txq7_ack;[26:24];3'h0;R/W;;;;
;;;;;reg_txq7_cf;[23];1'h0;R/W;;;;
;;;;;reg_txq7_autodur;[22];1'h0;R/W;;;;
;;;;;reg_txq7_txenato;[21];1'h0;R/W;;;;
;;;;;reg_txq7_hwseq;[20];1'h0;R/W;;;;
;;;;;reg_txq7_link_addr;[19:0];20'h0;R/W;;;;
0x00EC;MACTXQ6_CONF;pclk;reset_n;;;[31:28];4'h0;RO;;;;
;;;;;reg_txq6_aifs;[27:24];4'h0;R/W;;;IO=O;hwr_mactxq6_conf
;;;;;txq6_inbackoff;[23];1'h0;RO;;;;
;;;;;txq6_inaifs;[22];1'h0;RO;;;;
;;;;;reg_txq6_backoff;[21:12];10'h0;R/W;;;;
;;;;;reg_txq6_enato_timer;[11:0];12'h0;R/W;;;;
0x00F0;MACTXQ6_PLCP0;pclk;reset_n;;reg_txq6_ena;[31];1'h0;R/W;txq6_ena_clr/1'b0;txq6_ena_set/1'b1;;
;;;;;reg_txq6_valid;[30];1'h0;R/W;txq6_valid_clr/1'b0;;;
;;;;;reg_txq6_txop;[29];1'h0;R/W;;;;
;;;;;reg_txq6_cts;[28];1'h0;R/W;;;;
;;;;;reg_txq6_rts;[27];1'h0;R/W;;;;
;;;;;reg_txq6_ack;[26:24];3'h0;R/W;;;;
;;;;;reg_txq6_cf;[23];1'h0;R/W;;;;
;;;;;reg_txq6_autodur;[22];1'h0;R/W;;;;
;;;;;reg_txq6_txenato;[21];1'h0;R/W;;;;
;;;;;reg_txq6_hwseq;[20];1'h0;R/W;;;;
;;;;;reg_txq6_link_addr;[19:0];20'h0;R/W;;;;
0x00F4;MACTXQ5_CONF;pclk;reset_n;;;[31:28];4'h0;RO;;;;
;;;;;reg_txq5_aifs;[27:24];4'h0;R/W;;;IO=O;hwr_mactxq5_conf
;;;;;txq5_inbackoff;[23];1'h0;RO;;;;
;;;;;txq5_inaifs;[22];1'h0;RO;;;;
;;;;;reg_txq5_backoff;[21:12];10'h0;R/W;;;;
;;;;;reg_txq5_enato_timer;[11:0];12'h0;R/W;;;;
0x00F8;MACTXQ5_PLCP0;pclk;reset_n;;reg_txq5_ena;[31];1'h0;R/W;txq5_ena_clr/1'b0;txq5_ena_set/1'b1;;
;;;;;reg_txq5_valid;[30];1'h0;R/W;txq5_valid_clr/1'b0;;;
;;;;;reg_txq5_txop;[29];1'h0;R/W;;;;
;;;;;reg_txq5_cts;[28];1'h0;R/W;;;;
;;;;;reg_txq5_rts;[27];1'h0;R/W;;;;
;;;;;reg_txq5_ack;[26:24];3'h0;R/W;;;;
;;;;;reg_txq5_cf;[23];1'h0;R/W;;;;
;;;;;reg_txq5_autodur;[22];1'h0;R/W;;;;
;;;;;reg_txq5_txenato;[21];1'h0;R/W;;;;
;;;;;reg_txq5_hwseq;[20];1'h0;R/W;;;;
;;;;;reg_txq5_link_addr;[19:0];20'h0;R/W;;;;
0x00FC;MACTXQ4_CONF;pclk;reset_n;;;[31:28];4'h0;RO;;;;
;;;;;reg_txq4_aifs;[27:24];4'h0;R/W;;;IO=O;hwr_mactxq4_conf
;;;;;txq4_inbackoff;[23];1'h0;RO;;;;
;;;;;txq4_inaifs;[22];1'h0;RO;;;;
;;;;;reg_txq4_backoff;[21:12];10'h0;R/W;;;;
;;;;;reg_txq4_enato_timer;[11:0];12'h0;R/W;;;;
0x0100;MACTXQ4_PLCP0;pclk;reset_n;;reg_txq4_ena;[31];1'h0;R/W;txq4_ena_clr/1'b0;txq4_ena_set/1'b1;;
;;;;;reg_txq4_valid;[30];1'h0;R/W;txq4_valid_clr/1'b0;;;
;;;;;reg_txq4_txop;[29];1'h0;R/W;;;;
;;;;;reg_txq4_cts;[28];1'h0;R/W;;;;
;;;;;reg_txq4_rts;[27];1'h0;R/W;;;;
;;;;;reg_txq4_ack;[26:24];3'h0;R/W;;;;
;;;;;reg_txq4_cf;[23];1'h0;R/W;;;;
;;;;;reg_txq4_autodur;[22];1'h0;R/W;;;;
;;;;;reg_txq4_txenato;[21];1'h0;R/W;;;;
;;;;;reg_txq4_hwseq;[20];1'h0;R/W;;;;
;;;;;reg_txq4_link_addr;[19:0];20'h0;R/W;;;;
0x0104;MACTXQ3_CONF;pclk;reset_n;;;[31:28];4'h0;RO;;;;
;;;;;reg_txq3_aifs;[27:24];4'h0;R/W;;;IO=O;hwr_mactxq3_conf
;;;;;txq3_inbackoff;[23];1'h0;RO;;;;
;;;;;txq3_inaifs;[22];1'h0;RO;;;;
;;;;;reg_txq3_backoff;[21:12];10'h0;R/W;;;;
;;;;;reg_txq3_enato_timer;[11:0];12'h0;R/W;;;;
0x0108;MACTXQ3_PLCP0;pclk;reset_n;;reg_txq3_ena;[31];1'h0;R/W;txq3_ena_clr/1'b0;txq3_ena_set/1'b1;;
;;;;;reg_txq3_valid;[30];1'h0;R/W;txq3_valid_clr/1'b0;;;
;;;;;reg_txq3_txop;[29];1'h0;R/W;;;;
;;;;;reg_txq3_cts;[28];1'h0;R/W;;;;
;;;;;reg_txq3_rts;[27];1'h0;R/W;;;;
;;;;;reg_txq3_ack;[26:24];3'h0;R/W;;;;
;;;;;reg_txq3_cf;[23];1'h0;R/W;;;;
;;;;;reg_txq3_autodur;[22];1'h0;R/W;;;;
;;;;;reg_txq3_txenato;[21];1'h0;R/W;;;;
;;;;;reg_txq3_hwseq;[20];1'h0;R/W;;;;
;;;;;reg_txq3_link_addr;[19:0];20'h0;R/W;;;;
0x010C;MACTXQ2_CONF;pclk;reset_n;;;[31:28];4'h0;RO;;;;
;;;;;reg_txq2_aifs;[27:24];4'h0;R/W;;;IO=O;hwr_mactxq2_conf
;;;;;txq2_inbackoff;[23];1'h0;RO;;;;
;;;;;txq2_inaifs;[22];1'h0;RO;;;;
;;;;;reg_txq2_backoff;[21:12];10'h0;R/W;;;;
;;;;;reg_txq2_enato_timer;[11:0];12'h0;R/W;;;;
0x0110;MACTXQ2_PLCP0;pclk;reset_n;;reg_txq2_ena;[31];1'h0;R/W;txq2_ena_clr/1'b0;txq2_ena_set/1'b1;;
;;;;;reg_txq2_valid;[30];1'h0;R/W;txq2_valid_clr/1'b0;;;
;;;;;reg_txq2_txop;[29];1'h0;R/W;;;;
;;;;;reg_txq2_cts;[28];1'h0;R/W;;;;
;;;;;reg_txq2_rts;[27];1'h0;R/W;;;;
;;;;;reg_txq2_ack;[26:24];3'h0;R/W;;;;
;;;;;reg_txq2_cf;[23];1'h0;R/W;;;;
;;;;;reg_txq2_autodur;[22];1'h0;R/W;;;;
;;;;;reg_txq2_txenato;[21];1'h0;R/W;;;;
;;;;;reg_txq2_hwseq;[20];1'h0;R/W;;;;
;;;;;reg_txq2_link_addr;[19:0];20'h0;R/W;;;;
0x0114;MACTXQ1_CONF;pclk;reset_n;;;[31:28];4'h0;RO;;;;
;;;;;reg_txq1_aifs;[27:24];4'h0;R/W;;;IO=O;hwr_mactxq1_conf
;;;;;txq1_inbackoff;[23];1'h0;RO;;;;
;;;;;txq1_inaifs;[22];1'h0;RO;;;;
;;;;;reg_txq1_backoff;[21:12];10'h0;R/W;;;;
;;;;;reg_txq1_enato_timer;[11:0];12'h0;R/W;;;;
0x0118;MACTXQ1_PLCP0;pclk;reset_n;;reg_txq1_ena;[31];1'h0;R/W;txq1_ena_clr/1'b0;txq1_ena_set/1'b1;;
;;;;;reg_txq1_valid;[30];1'h0;R/W;txq1_valid_clr/1'b0;;;
;;;;;reg_txq1_txop;[29];1'h0;R/W;;;;
;;;;;reg_txq1_cts;[28];1'h0;R/W;;;;
;;;;;reg_txq1_rts;[27];1'h0;R/W;;;;
;;;;;reg_txq1_ack;[26:24];3'h0;R/W;;;;
;;;;;reg_txq1_cf;[23];1'h0;R/W;;;;
;;;;;reg_txq1_autodur;[22];1'h0;R/W;;;;
;;;;;reg_txq1_txenato;[21];1'h0;R/W;;;;
;;;;;reg_txq1_hwseq;[20];1'h0;R/W;;;;
;;;;;reg_txq1_link_addr;[19:0];20'h0;R/W;;;;
0x011C;MACTXQ0_CONF;pclk;reset_n;;;[31:28];4'h0;RO;;;;
;;;;;reg_txq0_aifs;[27:24];4'h0;R/W;;;IO=O;hwr_mactxq0_conf
;;;;;txq0_inbackoff;[23];1'h0;RO;;;;
;;;;;txq0_inaifs;[22];1'h0;RO;;;;
;;;;;reg_txq0_backoff;[21:12];10'h0;R/W;;;;
;;;;;reg_txq0_enato_timer;[11:0];12'h0;R/W;;;;
0x0120;MACTXQ0_PLCP0;pclk;reset_n;;reg_txq0_ena;[31];1'h0;R/W;txq0_ena_clr/1'b0;txq0_ena_set/1'b1;;
;;;;;reg_txq0_valid;[30];1'h0;R/W;txq0_valid_clr/1'b0;;;
;;;;;reg_txq0_txop;[29];1'h0;R/W;;;;
;;;;;reg_txq0_cts;[28];1'h0;R/W;;;;
;;;;;reg_txq0_rts;[27];1'h0;R/W;;;;
;;;;;reg_txq0_ack;[26:24];3'h0;R/W;;;;
;;;;;reg_txq0_cf;[23];1'h0;R/W;;;;
;;;;;reg_txq0_autodur;[22];1'h0;R/W;;;;
;;;;;reg_txq0_txenato;[21];1'h0;R/W;;;;
;;;;;reg_txq0_hwseq;[20];1'h0;R/W;;;;
;;;;;reg_txq0_link_addr;[19:0];20'h0;R/W;;;;
0x0124;MACTXQMEM;pclk;reset_n;;;[31:2];30'h0;RO;;;;
;;;;;reg_txqmem_clear;[1];1'h0;WO;;;;
;;;;;txqmem_ready;[0];1'h0;RO;;;;
0x0128;MACTXSEQ_NUM;pclk;reset_n;;;[31:24];12'h0;RO;;;IO=O;hwr_mactxseq_num
;;;;;curr_seqnum;[23:12];12'h0;RO;;;;
;;;;;reg_start_seqnum;[11:0];12'h0;R/W;;;;
0x012C;MACTX_HOLD;pclk;reset_n;;;[31:14];18'h0;RO;;;;
;;;;;reg_txhold_ofdm;[13:8];6'h0D;R/W;;;;
;;;;;;[7:6];2'h0;RO;;;;
;;;;;reg_txhold_cck;[5:0];6'h3C;R/W;;;;
0x0130;MACRWBT_COEX_CONF;pclk;reset_n;;reg_rw_nbt_prio_ble;[31:30];2'h0;R/W;;;;
;;;;;reg_rw_nbt_active_ble;[29:28];2'h0;R/W;;;;
;;;;;reg_rw_bt_prio_sel;[27:24];4'h0;R/W;;;;
;;;;;reg_rw_bt_active_sel;[23:20];4'h0;R/W;;;;
;;;;;reg_freq_hop_timer;[19:8];12'd50;R/W;;;;
;;;;;;[7:2];6'h0;RO;;;;
;;;;;reg_freq_hop_busy_ena;[1];1'h1;R/W;;;;
;;;;;reg_rw_bt_coex_en;[0];1'h0;R/W;;;;
0x0134;MACRWBT_COEX_PTI;pclk;reset_n;;;[31:24];8'h0;RO;;;;
;;;;;reg_wlan_pti5;[23:20];4â€™h0;R/W;;;;
;;;;;reg_wlan_pti4;[19:16];4'h0;R/W;;;;
;;;;;reg_wlan_pti3;[15:12];4'h0;R/W;;;;
;;;;;reg_wlan_pti2;[11:8];4'h0;R/W;;;;
;;;;;reg_wlan_pti1;[7:4];4'h0;R/W;;;;
;;;;;reg_wlan_pti0;[3:0];4'h0;R/W;;;;
0x0138;MACRWBT_COEX_WAIT;pclk;reset_n;;reg_wlan_ant_sel_wait;[31:16];16'h0;R/W;;;;
;;;;;reg_mac_refuse_time;[15:0];16'h0;R/W;;;;
0x013C;MACBTPRIO_CONF;pclk;reset_n;;reg_wlanat_inv;[31];1'h0;R/W;;;;
;;;;;reg_btimrto_ena;[30];1'h1;R/W;;;;
;;;;;reg_btrxabort_ena;[29];1'h1;R/W;;;;
;;;;;reg_btbeacon_ena;[28];1'h0;R/W;;;;
;;;;;reg_btautorxtx_ena;[27];1'h1;R/W;;;;
;;;;;;[26:20];7'h0;RO;;;;
;;;;;reg_btprio_noa;[19:16];4'b0011;R/W;;;;
;;;;;reg_btprio_11;[15:12];4'h3;R/W;;;;
;;;;;reg_btprio_10;[11:8];4'h2;R/W;;;;
;;;;;reg_btprio_01;[7:4];4'h1;R/W;;;;
;;;;;reg_btprio_00;[3:0];4'h0;R/W;;;;
0x0140;MACRWBT_COEX_GPIO_SEL;pclk;reset_n;;;[31:9];23'h0;RO;;;;
;;;;;reg_gpio_bt_priority_sel;[8:6];3'h0;R/W;;;;
;;;;;reg_gpio_bt_active_sel;[5:3];3'h0;R/W;;;;
;;;;;reg_gpio_wlan_active_sel;[2:0];3'h0;R/W;;;;
0x0144;MACDURSIFS;pclk;reset_n;;reg_dur_sifs11lr;[31:24];8'h10;R/W;;;;
;;;;;reg_dur_sifs11b;[23:16];8'd10;R/W;;;;
;;;;;reg_dur_sifs11g;[15:8];8'd16;R/W;;;;
;;;;;reg_dur_sifs11n;[7:0];8'd16;R/W;;;;
0x0148;MACTIMER_TAR0_ENA;pclk;reset_n;;;[31:1];31'h0;RO;;;;
;;;;;reg_timer_target0_ena;[0];1'h0;R/W;timer0_reach_int/1'b0;;;
0x014C;MACTIMER_TAR0;pclk;reset_n;;reg_timer_target0;[31:0];32'h0;R/W;;;;
0x0150;MACTIMER_TAR1_ENA;pclk;reset_n;;;[31:1];31'h0;RO;;;;
;;;;;reg_timer_target1_ena;[0];1'h0;R/W;timer1_reach_int/1'b0;;;
0x0154;MACTIMER_TAR1;pclk;reset_n;;reg_timer_target1;[31:0];32'h0;R/W;;;;
0x0158;MACTXRTS_INT_CNT;pclk;reset_n;;txrtsint_cnt;[31:0];32'h0;RO;;;;
0x015C;MACTXCTS_INT_CNT;pclk;reset_n;;txctsint_cnt;[31:0];32'h0;RO;;;;
0x0160;MACTXRXACK_INT_CNT;pclk;reset_n;;txrxackint_cnt;[31:0];32'h0;RO;;;;
0x0164;MACTXRXCTS_INT_CNT;pclk;reset_n;;txrxctsint_cnt;[31:0];32'h0;RO;;;;
0x0168;MACRXTRIGGER_CNT;pclk;reset_n;;trigger_cnt;[31:0];32'h0;RO;;;;
0x016C;MACRXTXHUNG_CNT;pclk;reset_n;;hung_cnt;[31:0];32'h0;RO;;;;
0x0170;MACRXTXPANIC_CNT;pclk;reset_n;;panic_cnt;[31:0];32'h0;RO;;;;
0x0174;MACRSSI_STATIS;pclk;reset_n;;;[31:25];7'h0;RO;;;;
;;;;;txop_rssi_valid;[24];1'h0;RO;;;;
;;;;;txop_rssi;[23:16];8'h0;RO;;;;
;;;;;;[15:9];7'h0;RO;;;;
;;;;;rxop_rssi_valid;[8];1'h0;RO;;;;
;;;;;rxop_rssi;[7:0];8'h0;RO;;;;
0x0178;MACRXEND_CCACNT;pclk;reset_n;;;[31:9];23'h0;RO;;;;
;;;;;reg_navcomp;[8];1'h1;R/W;;;;
;;;;;reg_max_ccacnt;[7:4];4'h5;R/W;;;;
;;;;;rxend_ccacnt;[3:0];4'h0;RO;;;;
0x017C;MACCHAN_STATIS;pclk;reset_n;;reg_clear_statis;[31];1'h0;R/W;;;;
;;;;;reg_statis_mode;[30];1'h1;R/W;;;;
;;;;;;[29:0];30'h0;RO;;;;
0x0180;MACEVT_STATIS0;pclk;reset_n;;chan_act_cnt;[31:0];32'h0;RO;;;;
0x0184;MACEVT_STATIS1;pclk;reset_n;;chan_rxend_cnt;[31:0];32'h0;RO;;;;
0x0188;MACEVT_STATIS2;pclk;reset_n;;chan_rxstart_cnt;[31:0];32'h0;RO;;;;
0x018C;MACEVT_STATIS3;pclk;reset_n;;chan_cca_cnt;[31:0];32'h0;RO;;;;
0x0190;MACADCDUMP0;pclk;reset_n;;reg_adcdump_ena;[31];1'h0;R/W;;;;
;;;;;reg_adcdump_sel;[30:28];3'h0;R/W;;;;
;;;;;reg_adcdump_case;[27:20];8'h0;R/W;;;;
;;;;;reg_adcdump_start;[19];1'h0;R/W;;;;
;;;;;adcdump_done;[18];1'h0;RO;;;;
;;;;;reg_dump_trig_mode;[17];1'h0;R/W;;;;
;;;;;reg_adcdump_rate;[16:15];2'h0;R/W;;;;
;;;;;reg_adcdump_size;[14:0];15'h0;R/W;;;;
0x0194;MACADCDUMP1;pclk;reset_n;;;[31:15];17'h0;RO;;;;
;;;;;adcdump_wrap;[14];1'h0;RO;;;;
;;;;;adcdump_ptr;[13:0];14'h0;RO;;;;
0x0198;MACTOADCDUMP0;pclk;reset_n;;reg_toadcdump_ena;[31];1'h0;R/W;;;;
;;;;;;[30:28];3'h0;RO;;;;
;;;;;reg_loop_cycle;[27:20];8'h0;R/W;;;;
;;;;;reg_toadcdump_loopen;[19];1'h0;R/W;;;;
;;;;;toadcdump_done;[18];1'h0;RO;;;;
;;;;;;[17:16];2'h0;RO;;;;
;;;;;reg_toadcdump_rate;[15];1'h0;R/W;;;;
;;;;;;[14];1'h0;RO;;;;
;;;;;reg_toadcdump_size;[13:0];14'h0;R/W;;;;
0x019C;MACTXQ_NOENABLE_US;pclk;reset_n;;;[31:20];12'h0;RO;;;;
;;;;;txq_noenable_us;[19:0];20'h0;RO;;;;
0x01A0;MACBB_CCA_IND_US;pclk;reset_n;;;[31:20];12'h0;RO;;;;
;;;;;bb_cca_ind_us;[19:0];20'h0;RO;;;;
0x01A4;MACCCA_CNT;pclk;reset_n;;cca_cnt;[31:0];32'h0;RO;;;;
0x01A8;MACCCA_RXFRAM_CNT;pclk;reset_n;;cca_rxfram_cnt;[31:0];32'h0;RO;;;;
0x01AC;MACDIAG0;pclk;reset_n;;mac_edca_diag0;[31:0];32'h0;RO;;;;
0x01B0;MACDIAG1;pclk;reset_n;;mac_edca_diag1;[31:0];32'h0;RO;;;;
0x01B4;MACDIAG2;pclk;reset_n;;mac_edca_diag2;[31:0];32'h0;RO;;;;
0x01B8;MACDIAG3;pclk;reset_n;;mac_sch_diag0;[31:0];32'h0;RO;;;;
0x01BC;MACDIAG_SEL;pclk;reset_n;;;[31:6];26'h0;RO;;;;
;;;;;reg_macdiag_sel;[5:0];6'h0;R/W;;;;
0x01C0;MACTXDUMP;pclk;reset_n;;reg_mac_txdump_en;[31];1'h0;R/W;;;;
;;;;;;[30];1'h0;RO;;;;
;;;;;reg_mac_txdump_start_addr;[29:16];14'h0;R/W;;;;
;;;;;reg_mac_txdump_clr;[15];1'h0;R/W;;;;
;;;;;;[14];1'h0;RO;;;;
;;;;;reg_mac_txdump_size;[13:0];14'h0;R/W;;;;
0x01C4;MACADCDUMP2;pclk;reset_n;;reg_adcdump_byte3_sel;[31:24];8'h0;R/W;;;;
;;;;;reg_adcdump_byte2_sel;[23:16];8'h0;R/W;;;;
;;;;;reg_adcdump_byte1_sel;[15:8];8'h0;R/W;;;;
;;;;;reg_adcdump_byte0_sel;[7:0];8'h0;R/W;;;;
0x01C8;MACSIM_FINISH;pclk;reset_n;;reg_macsim_finish;[31:0];32'h0;R/W;;;;
0x01CC;MACTXENA_TO;pclk;reset_n;;reg_txena_to_ena;[31];1'h0;R/W;;;;
;;;;;reg_txena_imr0_ena;[30];1'h0;R/W;;;;
;;;;;;[29:16];14'h0;RO;;;;
;;;;;reg_txena_to_timer;[15:0];16'h0;R/W;;;;
0x01D0;MACRXSTART_TIME;pclk;reset_n;;rxstart_time;[31:0];32'h0;RO;;;;
0x01D4;MACRXEND_TIME;pclk;reset_n;;rxend_time;[31:0];32'h0;RO;;;;
0x01D8;MACTXSTART_TIME;pclk;reset_n;;txstart_time;[31:0];32'h0;RO;;;;
0x01DC;MACTXEND_TIME;pclk;reset_n;;txend_time;[31:0];32'h0;RO;;;;
0x03F8;MACSCHDATE;pclk;reset_n;;;[31:28];4'h0;RO;;;;
;;;;;reg_macsch_date;[27:0];28'h1605181;R/W;;;;
0x03FC;MACID;pclk;reset_n;;;[31:8];24'h0;RO;;;;
;;;;;mac_fpga_ver;[7:0];8'hA;RO;;;;
